,0,1,2,3
0,1.764052345967664,0.4001572083672233,1.0,4.112618273033804
1,0.9787379841057392,2.240893199201458,1.0,0.6994630673690784
2,1.8675579901499675,-0.977277879876411,1.0,5.712855210765903
3,0.9500884175255894,-0.1513572082976979,1.0,3.041950298546611
4,-0.10321885179355784,0.41059850193837233,1.0,0.3821556783450746
5,0.144043571160878,1.454273506962975,1.0,-0.17322495500112364
6,0.7610377251469934,0.12167501649282841,1.0,2.3926925907940926
7,0.44386323274542566,0.33367432737426683,1.0,1.549243684707857
8,1.4940790731576061,-0.20515826376580087,1.0,4.200352265627447
9,0.31306770165090136,-0.8540957393017248,1.0,2.4895225940812145
10,-2.5529898158340787,0.6536185954403606,1.0,-4.755886501582028
11,0.8644361988595057,-0.7421650204064419,1.0,3.461139192629982
12,2.2697546239876076,-1.4543656745987648,1.0,7.000311235328513
13,0.04575851730144607,-0.1871838500258336,1.0,1.2855898512948052
14,1.5327792143584575,1.469358769900285,1.0,2.5989461308527546
15,0.1549474256969163,0.37816251960217356,1.0,0.9256961274314681
16,-0.8877857476301128,-1.980796468223927,1.0,1.212313568717373
17,-0.3479121493261526,0.15634896910398005,1.0,0.1520549179904814
18,1.2302906807277207,1.2023798487844113,1.0,2.227032946755039
19,-0.3873268174079523,-0.30230275057533557,1.0,0.5340936360935414
20,-1.0485529650670926,-1.4200179371789752,1.0,0.3037745803361749
21,-1.7062701906250126,1.9507753952317897,1.0,-4.356680160715901
22,-0.5096521817516535,-0.4380743016111864,1.0,0.41722921412363095
23,-1.2527953600499262,0.7774903558319101,1.0,-2.2711449591242703
24,-1.6138978475579515,-0.2127402802139687,1.0,-2.0160370270139936
25,-0.8954665611936756,0.386902497859262,1.0,-1.1867017628471743
26,-0.510805137568873,-1.180632184122412,1.0,1.1575483723388376
27,-0.028182228338654868,0.42833187053041766,1.0,0.5259017357416104
28,0.06651722238316789,0.3024718977397814,1.0,0.8308250132051703
29,-0.6343220936809636,-0.3627411659871381,1.0,0.09295362702648717
30,-0.672460447775951,-0.3595531615405413,1.0,0.022067801143722574
31,-0.813146282044454,-1.7262826023316769,1.0,1.1020936319090668
32,0.17742614225375283,-0.4017809362082619,1.0,1.7565739466574353
33,-1.6301983469660446,0.4627822555257742,1.0,-2.70951834877383
34,-0.9072983643832422,0.05194539579613895,1.0,-0.8509909842420326
35,0.7290905621775369,0.12898291075741067,1.0,2.33533147586095
36,1.1394006845433007,-1.2348258203536526,1.0,4.510767597925402
37,0.402341641177549,-0.6848100909403132,1.0,2.5044624832306193
38,-0.8707971491818818,-0.5788496647644155,1.0,-0.15091343802603102
39,-0.31155253212737266,0.05616534222974544,1.0,0.32791856517079215
40,-1.1651498407833565,0.9008264869541871,1.0,-2.2432869343283586
41,0.46566243973045984,-1.5362436862772237,1.0,3.468975284771223
42,1.4882521937955997,1.8958891760305832,1.0,2.0731784898136074
43,1.1787795711596507,-0.17992483581235091,1.0,3.535893855616109
44,-1.0707526215105425,1.0544517269311366,1.0,-2.1935564006592543
45,-0.40317694697317963,1.2224450703824274,1.0,-1.0277973702478804
46,0.2082749780768603,0.9766390364837128,1.0,0.43515916861171533
47,0.3563663971744019,0.7065731681919482,1.0,1.0188891636460546
48,0.010500020720820478,1.7858704939058352,1.0,-0.7818317651325097
49,0.12691209270361992,0.40198936344470165,1.0,0.8591366572738344
50,1.8831506970562544,-1.3477590611424464,1.0,6.09548562253901
51,-1.2704849984857336,0.9693967081580112,1.0,-2.5065407237622437
52,-1.17312340511416,1.9436211856492926,1.0,-3.2987370391404514
53,-0.41361898075974735,-0.7474548114407578,1.0,0.9289998874985884
54,1.9229420264803847,1.4805147914344243,1.0,3.3662337867664207
55,1.8675589604265699,0.9060446582753853,1.0,3.8315503263624224
56,-0.8612256850547025,1.9100649530990337,1.0,-2.642699116464107
57,-0.2680033709513804,0.8024563957963952,1.0,-0.3450088390491319
58,0.947251967773748,-0.1550100930908342,1.0,3.0515862025724396
59,0.6140793703460803,0.9222066715665268,1.0,1.3117877683947268
60,0.37642553115562943,-1.0994007905841945,1.0,2.8815428153130918
61,0.298238174206056,1.3263858966870303,1.0,0.2723190349561165
62,-0.6945678597313655,-0.14963454032767076,1.0,-0.22974080388137105
63,-0.43515355172163744,1.8492637284793418,1.0,-1.7351401712477093
64,0.6722947570124355,0.40746183624111043,1.0,1.92382875917042
65,-0.7699160744453164,0.5392491912918173,1.0,-1.0826362879285347
66,-0.6743326606573761,0.03183055827435118,1.0,-0.392470156545489
67,-0.635846078378881,0.6764332949464997,1.0,-0.9332614591695978
68,0.5765908166149409,-0.20829875557799488,1.0,2.3573782018800733
69,0.3960067126616453,-1.0930615087305058,1.0,2.898896752937728
70,-1.4912575927056055,0.4393917012645369,1.0,-2.4070390619348916
71,0.16667349537252904,0.6350314368921064,1.0,0.6987433510517874
72,2.383144774863942,0.9444794869904138,1.0,4.826828060275547
73,-0.9128222254441586,1.117016288095853,1.0,-1.943221733717579
74,-1.3159074105115212,-0.461584604814709,1.0,-1.1648458462047877
75,-0.06824160532463124,1.7133427216493666,1.0,-0.8449925137808233
76,-0.7447548220484399,-0.8264385386590144,1.0,0.3356923983032143
77,-0.0984525244254323,-0.6634782863621074,1.0,1.4716229373258711
78,1.126635922106507,-1.0799315083634233,1.0,4.35044031533311
79,-1.1474686524111024,-0.43782004474443403,1.0,-0.8499870977806614
80,-0.4980324506923049,1.9295320538169858,1.0,-1.9223389590651894
81,0.9494208069257608,0.0875512413851909,1.0,2.812538067676763
82,-1.225435518830168,0.8443629764015471,1.0,-2.305360745299569
83,-1.0002153473895647,-1.5447710967776116,1.0,0.5340674332277274
84,1.1880297923523018,0.3169426119248496,1.0,3.062350538094557
85,0.920858823780819,0.3187276529430212,1.0,2.5092960833781452
86,0.8568306119026912,-0.6510255933001469,1.0,3.3570235411158933
87,-1.0342428417844647,0.681594518281627,1.0,-1.737265088446915
88,-0.8034096641738411,-0.6895497777502005,1.0,0.10187274637314653
89,-0.45553250351734315,0.01747915902505673,1.0,0.05479627317227982
90,-0.35399391125348395,-1.3749512934180188,1.0,1.6832299665340669
91,-0.6436184028328905,-2.2234031522244266,1.0,1.93405196365019
92,0.6252314510271875,-1.6020576556067476,1.0,3.852370506790809
93,-1.1043833394284506,0.052165079260974405,1.0,-1.2620658744243027
94,-0.7395629963913133,1.5430145954067358,1.0,-2.0113351469191074
95,-1.2928569097234486,0.26705086934918293,1.0,-1.868841454586512
96,-0.0392828182274956,-1.1680934977411974,1.0,2.0940894973997577
97,0.5232766605317537,-0.1715463312222481,1.0,2.2086509503118754
98,0.7717905512136674,0.8235041539637314,1.0,1.725784833757419
99,2.16323594928069,1.336527949436392,1.0,4.005371912507918
100,-0.3691818379424436,-0.2393791775759264,1.0,0.5010113284269131
101,1.0996595958871132,0.6552637307225978,1.0,2.5477970119113365
102,0.640131526097592,-1.6169560443108344,1.0,3.9013146142883954
103,-0.024326124398935636,-0.7380309092056887,1.0,1.6813827254111124
104,0.27992459904323824,-0.09815038964295794,1.0,1.6731159812282776
105,0.9101789080925919,0.31721821519130206,1.0,2.5202042834664917
106,0.7863279621089762,-0.46641909673594306,1.0,3.0460928546750656
107,-0.9444462559182504,-0.41004969320254847,1.0,-0.4781099643138759
108,-0.017020413861440594,0.3791517355550818,1.0,0.5821884985684942
109,2.259308950690852,-0.04225715166064269,1.0,5.554610150810856
110,-0.955945000492777,-0.34598177569938643,1.0,-0.548799859460701
111,-0.4635959746460942,0.4814814737734622,1.0,-0.39452927263836035
112,-1.5407970144446248,0.06326199420033171,1.0,-2.1454926379774766
113,0.1565065379653756,0.23218103620027578,1.0,1.0650327344337642
114,-0.5973160689653627,-0.237921729736007,1.0,0.014969473106191709
115,-1.4240609089825316,-0.49331988336219407,1.0,-1.3656362012055119
116,-0.5428614760167177,0.4160500462614255,1.0,-0.5030792022548121
117,-1.1561824318219127,0.7811981017099934,1.0,-2.0795560750093887
118,1.4944845444913688,-2.0699850250135325,1.0,6.052437551905692
119,0.42625873077810095,0.6769080350302455,1.0,1.1806575810893616
120,-0.637437025552229,-0.39727181432879766,1.0,0.1354295728408239
121,-0.13288057758695562,-0.2977908794017283,1.0,1.0333150873963777
122,-0.3090129690471222,-1.6760038063299767,1.0,2.056553389547844
123,1.15233156478312,1.079618592036821,1.0,2.211956902387033
124,-0.8133642592042029,-1.466424327802514,1.0,0.827671056312064
125,0.5210648764527586,-0.5757879698130661,1.0,2.6220787190627415
126,0.14195316332077967,-0.3193284171450952,1.0,1.6012256684546453
127,0.6915387510701866,0.6947491436560059,1.0,1.6895536716609003
128,-0.7255973784635843,-1.3833639553950554,1.0,0.9316964213109243
129,-1.582938397335082,0.6103793791072052,1.0,-2.7696147332837824
130,-1.188859257784029,-0.5068163542986875,1.0,-0.8787490353836648
131,-0.5963140384505081,-0.05256729626954629,1.0,-0.14341658706730165
132,-1.936279805846507,0.18877859679382855,1.0,-3.0423763862005107
133,0.5238910238342056,0.08842208704466141,1.0,1.9513620992398923
134,-0.3108861716984717,0.09740016626878341,1.0,0.2780117360262721
135,0.3990463456401302,-2.77259275642665,1.0,4.564791580687125
136,1.9559123082506942,0.39009332268792646,1.0,4.526179107437534
137,-0.65240858238702,-0.3909533751876011,1.0,0.09636013363798171
138,0.49374177734918845,-0.11610393903436653,1.0,2.0986053775468827
139,-2.0306844677814944,2.0644928613593194,1.0,-5.130175940333355
140,-0.11054065723247261,1.0201727117157997,1.0,-0.2440438422337753
141,-0.6920498477843912,1.5363770542457977,1.0,-1.9151784119798305
142,0.28634368889227957,0.6088438344754508,1.0,0.9564495902840064
143,-1.0452533661469547,1.2111452896827009,1.0,-2.305411621636323
144,0.6898181645347884,1.3018462295649984,1.0,1.0540681607894482
145,-0.6280875596415789,-0.4810271184607877,1.0,0.21103454908268002
146,2.303916697683942,-1.0600158227215473,1.0,6.666724780529238
147,-0.13594970067832082,1.1368913626026953,1.0,-0.39981212222730567
148,0.0977249677148556,0.5829536797532936,1.0,0.6154470135094362
149,-0.3994490292628752,0.37005588784751875,1.0,-0.1799416309399422
150,-1.3065268517353166,1.658130679618188,1.0,-3.2851869451701003
151,-0.11816404512856976,-0.6801782039968504,1.0,1.4455969146686924
152,0.6663830820319143,-0.4607197873885533,1.0,2.7769579150298536
153,-1.3342584714027534,-1.3467175057975553,1.0,-0.31114016882078266
154,0.6937731526901325,-0.1595734381462669,1.0,2.5477587054430337
155,-0.13370155966843916,1.0777438059762627,1.0,-0.36122012690548155
156,-1.1268258087567435,-0.7306777528648248,1.0,-0.5326334032370811
157,-0.38487980918127546,0.094351589317074,1.0,0.12864567912806388
158,-0.042171451290578935,-0.2868871923899076,1.0,1.1948123647065154
159,-0.0616264020956474,-0.10730527629117469,1.0,0.969153142017665
160,-0.7196043885517929,-0.8129929885540773,1.0,0.3650375862306031
161,0.2745163577239395,-0.8909150829955279,1.0,2.433103782882003
162,-1.1573552591908536,-0.3122922511256933,1.0,-1.0095311248121182
163,-0.1576670161638159,2.2567234972982093,1.0,-1.560777963376507
164,-0.7047002758562337,0.9432607249694948,1.0,-1.35161299865369
165,0.7471883342046318,-1.188944955203736,1.0,3.6733890514386243
166,0.7732529774025997,-1.1838806401933177,1.0,3.727040378938976
167,-2.659172237996741,0.6063195243593807,1.0,-4.933459571325977
168,-1.7558905834377194,0.45093446180591484,1.0,-2.9657156952714714
169,-0.6840108977372166,1.6595507961898721,1.0,-2.0188175001328914
170,1.068509399316009,-0.45338580385138766,1.0,3.592927310289527
171,-0.6878376110286823,-1.2140774030941206,1.0,0.8612581928520365
172,-0.4409226322925914,-0.2803554951845091,1.0,0.40226950485700114
173,-0.3646935443916854,0.15670385527236397,1.0,0.10477311084449419
174,0.5785214977288784,0.349654456993174,1.0,1.8154859457727273
175,-0.764143923906443,-1.4377914738015785,1.0,0.9203029381601178
176,1.3645318481024713,-0.6894491845499376,1.0,4.42945455066932
177,-0.6522935999350191,-0.5211893123011109,1.0,0.20565970290072172
178,-1.8430695501566485,-0.4779740040404867,1.0,-2.2096414704179588
179,-0.47965581400794766,0.6203582983435125,1.0,-0.5683518067911233
180,0.698457149107336,0.00377088908626934,1.0,2.376296119539663
181,0.9318483741143037,0.339964983801262,1.0,2.518737596817125
182,-0.01568211160255477,0.16092816829822298,1.0,0.7934382316423976
183,-0.19065349358139935,-0.3948495140334503,1.0,1.0042168245716816
184,-0.26773353689396645,-1.1280113314700069,1.0,1.582419686154636
185,0.280441705316296,-0.9931236109295807,1.0,2.566512719887607
186,0.8416312640736364,-0.24945858016094885,1.0,2.9303757279591345
187,0.04949498165009074,0.49383677628095635,1.0,0.5965196312058073
188,0.6433144650629279,-1.5706234086334527,1.0,3.8468962814454635
189,-0.20690367616397173,0.8801789120807822,1.0,-0.2925695927600104
190,-1.6981058194322545,0.3872804753950634,1.0,-2.783603470532979
191,-2.2555642294021894,-1.0225068436356035,1.0,-2.475180871422041
192,0.0386305518401881,-1.6567151023219537,1.0,2.738976372960903
193,-0.9855107376841507,-1.4718350074635869,1.0,0.4864955543146352
194,1.6481349322075596,0.16422775548733395,1.0,4.125752301851873
195,0.5672902778526694,-0.2226751005151545,1.0,2.367956381341203
196,-0.35343174875719907,-1.6164741886510325,1.0,1.9033998641596206
197,-0.2918373627478628,-0.7614922118116233,1.0,1.1951632080651347
198,0.8579239242923363,1.1411018666575734,1.0,1.5637630876138517
199,1.4665787155741776,0.852551939461232,1.0,3.086331625217531
200,-0.5986539369229861,-1.1158969859603944,1.0,0.9099769565804359
201,0.7666631816450861,0.3562928174722889,1.0,2.1719375944884196
202,-1.7685384506770307,0.35548179274376907,1.0,-2.881572877615519
203,0.8145198224878664,0.05892558918162996,1.0,2.5688433841657177
204,-0.18505367100934153,-0.8076484876163557,1.0,1.4456756680488136
205,-1.4465346995633879,0.8002979493400275,1.0,-2.6886344425176554
206,-0.3091144447717088,-0.23346666154369272,1.0,0.6227764288358981
207,1.7327211869191332,0.6845011068591904,1.0,3.772059384868221
208,0.3708250012811021,0.14206180518723566,1.0,1.5973724533929285
209,1.5199948607657727,1.7195893074161945,1.0,2.3246429402963598
210,0.9295051114795281,0.5822245913979243,1.0,2.268294902834195
211,-2.0946030712061448,0.12372191423350658,1.0,-3.2966330562134725
212,-0.130106954193704,0.09395322938556872,1.0,0.638060581805472
213,0.9430460873225178,-2.7396771671895563,1.0,5.622769306065214
214,-0.5693120534701851,0.26990435494076137,1.0,-0.41859405252907395
215,-0.4668455460527625,-1.4169061131262595,1.0,1.4617819403683476
216,0.8689634868967954,0.27687190584612803,1.0,2.479024253173212
217,-0.9711045704444846,0.3148172045158238,1.0,-1.2590697347738233
218,0.8215857120497958,0.005292646299360854,1.0,2.6333996294160755
219,0.8005648034309968,0.07826017516166135,1.0,2.520882281083624
220,-0.39522898265435435,-1.159420516399913,1.0,1.3831611908131687
221,-0.08593076697161273,0.19429293804577166,1.0,0.6241944619303588
222,0.8758327615873309,-0.11510746848722672,1.0,2.8735686703195396
223,0.4574156062209908,-0.9646120137337284,1.0,2.875205343690215
224,-0.7826291558275251,-0.11038929902688775,1.0,-0.4608357211835456
225,-1.0546284639850139,0.8202478373246812,1.0,-1.9238341831695072
226,0.4631303293186071,0.2790957643924534,1.0,1.6570472999821877
227,0.33890412521594454,2.0210435614847975,1.0,-0.34837434055570743
228,-0.46886418796679563,-2.201441285500558,1.0,2.2560244179702185
229,0.1993001968964652,-0.050603540961665895,1.0,1.437512977281376
230,-0.5175190425104033,-0.9788298593587699,1.0,0.9548268120052471
231,-0.43918952180214793,0.18133842921782128,1.0,-0.06547003277017821
232,-0.5028167006425383,2.4124536795437486,1.0,-2.4365783881015797
233,-0.960504381633148,-0.7931173627076716,1.0,-0.113791879174663
234,-2.2886200400145285,0.251484415021537,1.0,-3.842423090070123
235,-2.01640662779976,-0.5394546333745014,1.0,-2.485564016912428
236,-0.27567053456055696,-0.7097279658468882,1.0,1.1602211831924494
237,1.738872677454511,0.9943943913154989,1.0,3.486230117915676
238,1.3191368763015756,-0.8824188185499185,1.0,4.514848818399956
239,1.1285940645145685,0.4960009463439622,1.0,2.764843097287421
240,0.7714059486768455,1.0294388287827672,1.0,1.4966952696420814
241,-0.9087632459590531,-0.4243176209779015,1.0,-0.38732849345280673
242,0.8625960113284511,-2.655619092974933,1.0,5.396381216047157
243,1.5133280825732052,0.553132064207584,1.0,3.4823643729130898
244,-0.045703960660234855,0.2205076557571733,1.0,0.6678890220684899
245,-1.0299352833089765,-0.34994336458910474,1.0,-0.7197692920515768
246,1.1002843382203737,1.2980219723262212,1.0,1.9006687548947783
247,2.6962240525635797,-0.07392466628041514,1.0,6.471242144456974
248,-0.6585529668050037,-0.5142339659399888,1.0,0.19606150559337907
249,-1.0180418752873648,-0.07785475594085076,1.0,-0.9631611385049839
250,0.38273243001226814,-0.03424228053195387,1.0,1.8056601436334132
251,1.0963468456657985,-0.23421580134453654,1.0,3.438551010338383
252,-0.3474506524985633,-0.5812684768603252,1.0,0.8840442317913327
253,-1.6326345262344952,-1.567767724308454,1.0,-0.690212029486684
254,-1.1791579306376878,1.3014280716647608,1.0,-2.6855344403920314
255,0.8952602728899299,1.3749640663929898,1.0,1.4061813855257828
256,-1.3322116545945017,-1.9686246897860202,1.0,0.3009887912264366
257,-0.6600563201340829,0.175818953296028,1.0,-0.50081725577174
258,0.4986902749098275,1.0479721559680528,1.0,0.9527363760256466
259,0.2842796708072146,1.7426687806556311,1.0,-0.1639719335662193
260,-0.22260568094832048,-0.9130792180417964,1.0,1.4729345464054393
261,-1.6812182154944335,-0.8889713580954499,1.0,-1.4796873276109677
262,0.242117960985123,-0.8887202573536308,1.0,2.357728498418835
263,0.9367424635352571,1.412327706037443,1.0,1.46672686223886
264,-2.369586905226603,0.8640523004976479,1.0,-4.621607878347554
265,-2.2396040586617367,0.4014990550902875,1.0,-3.8741767995796965
266,1.2248705641936597,0.06485610634357618,1.0,3.383000531222443
267,-1.2796891732042395,-0.5854312042777726,1.0,-0.9857054920100885
268,-0.2616454457109007,-0.18224478378994294,1.0,0.6618264654928094
269,-0.20289684076666706,-0.1098827793093138,1.0,0.7040603367493897
270,0.2134800489101689,-1.2085736537332212,1.0,2.6351677786243966
271,-0.2420198298702195,1.5182611703557054,1.0,-1.0031430630614182
272,-0.38464542314251776,-0.4438360931551978,1.0,0.6787404879544237
273,1.0781973037142378,-2.5591846663440965,1.0,5.724823613992157
274,1.1813786012882859,-0.6319037580051673,1.0,3.9996271125665777
275,0.16392857245258663,0.09632135592119682,1.0,1.2416571208821996
276,0.9424681192203938,-0.2675947462353477,1.0,3.1520895874876573
277,-0.6780257815644504,1.2978457906510987,1.0,-1.63771276053768
278,-2.36417381714118,0.02033418170524325,1.0,-3.742970717766305
279,-1.3479254226291204,-0.761573388256559,1.0,-0.9397143972985096
280,2.011256681463137,-0.044595426455857026,1.0,5.056169838814787
281,0.19506969715138117,-1.7815628557055914,1.0,3.1737602180456945
282,-0.7290446587946957,0.19655740072878491,1.0,-0.6677119335474023
283,0.3547576931132181,0.6168865543932788,1.0,1.0828950721575898
284,0.008627898917576322,0.5270042084546597,1.0,0.49264246018422897
285,0.453781912635684,-1.8297404110045314,1.0,3.7312253618130797
286,0.03700572191014953,0.7679024077327037,1.0,0.2967758736853261
287,0.5898798207345195,-0.3638588099707899,1.0,2.5432737009789452
288,-0.8056265075393678,-1.1183119243216322,1.0,0.5077856882339344
289,-0.13105401154141233,1.133079879559722,1.0,-0.3972462428947338
290,-1.951804101481602,-0.659891729729498,1.0,-2.247491942424299
291,-1.139802455426774,0.7849575212405001,1.0,-2.056016004806924
292,-0.5543096265713009,-0.4706376581547914,1.0,0.3654426785250579
293,-0.216949569936649,0.4453932508947973,1.0,0.11847334810995776
294,-0.39238899814963674,-3.0461430547999266,1.0,3.286008277835807
295,0.5433118913875197,0.43904295767204254,1.0,1.649519142472281
296,-0.21954102833121325,-1.0840366206719345,1.0,1.6562746153462813
297,0.3517801106813583,0.37923553353558676,1.0,1.3187148777958122
298,-0.4700328827008748,-0.21673147057553863,1.0,0.263036295701709
299,-0.9301565025243212,-0.17858909208732915,1.0,-0.6896414781177479
300,-1.550429345083481,0.4173188210318355,1.0,-2.520857609032779
301,-0.9443684908242939,0.23810314783231212,1.0,-1.131806211578195
302,-1.4059629162678993,-0.5900576458695397,1.0,-1.2085043248430312
303,-0.11048940506592783,-1.6606998118692633,1.0,2.4385205905164464
304,0.11514787314009216,-0.37914756287992274,1.0,1.6140579979345184
305,-1.7423561978092306,-1.3032427541123157,1.0,-1.1819344530664744
306,0.6051200840821667,0.895555985551324,1.0,1.3103486392856776
307,-0.13190863977996706,0.4047618120404975,1.0,0.33180086853410357
308,0.2238435633129107,0.32962298212773805,1.0,1.1352046591957905
309,1.285984007080293,-1.506998398214272,1.0,5.07128692645749
310,0.6764607323616232,-0.3820089555778202,1.0,2.7426003248066624
311,-0.22425893425164034,-0.30224973045507003,1.0,0.8434717894355315
312,-0.37514711666128386,-1.226196191783019,1.0,1.471305694037757
313,0.18333919925760125,1.6709430327888573,1.0,-0.304228802214109
314,-0.056133020448757114,-0.001385042735095726,1.0,0.8923827527348515
315,-0.6872990371566635,-0.11747454641811148,1.0,-0.24229224161547738
316,0.46616642603403075,-0.3702424407043429,1.0,2.3020744663577593
317,-0.45380404105200106,0.4032645401632468,1.0,-0.3193087783326081
318,-0.9180047698190454,0.2524966270768724,1.0,-1.0820057469844557
319,0.8203217972614217,1.3599485416794843,1.0,1.2770533547542016
320,-0.09038200727694681,1.3675972398067135,1.0,-0.5459744386512888
321,1.034409886481518,-0.9962126403710662,1.0,4.063870188938725
322,-1.217938511593151,-0.30496363785442043,1.0,-1.1503479538447499
323,1.0289354925948542,-0.0722870075600049,1.0,3.135240984605653
324,-0.6006575576577885,1.5522431800485608,1.0,-1.7477246152959245
325,0.2869044880033464,-2.3205942757907416,1.0,3.9036692994805207
326,0.31716062629268876,0.5200406145708678,1.0,1.1322852656391118
327,0.2256086544711038,0.44971210023199254,1.0,0.9895541709755802
328,-0.06727560892298173,-1.3183958696447342,1.0,2.189009726241588
329,-0.37070400322045344,-0.9456157955562914,1.0,1.208300739081794
330,-0.9327409107943778,-1.2630683491022754,1.0,0.3933957075854415
331,0.4524890926396464,0.09789614541262709,1.0,1.8110531022311633
332,-0.44816536268070806,-0.6493379277303881,1.0,0.7580036719200917
333,-0.02342310502145217,1.0791947281124892,1.0,-0.13822777645516549
334,-2.004215715498915,0.37687652085089274,1.0,-3.3828457242359584
335,-0.5457119740177824,-1.8845858449794477,1.0,1.783982053883837
336,-1.9457030831639588,-0.9127834941352918,1.0,-1.9851412371919315
337,0.21950955579304526,0.3930629339800916,1.0,1.0282087294541125
338,-0.9389815726777853,1.0170209914132446,1.0,-1.8997177460238397
339,1.4229834965161061,0.3960865849565602,1.0,3.4478447013609173
340,-0.5914026678081108,1.1244191845103682,1.0,-1.3017259514536257
341,0.7553956956633383,0.867407411354918,1.0,1.6433929792384698
342,-0.6564636749715315,-2.8345545052747023,1.0,2.5062042738236427
343,2.1167910214836754,-1.6108784034499337,1.0,6.8530819269861265
344,-0.03576807186022113,2.3807453512197503,1.0,-1.4534673611756934
345,0.330576756274374,0.9492464735582357,1.0,0.7167907448948089
346,-1.5023965693817127,-1.7776669547337063,1.0,-0.21746682284512217
347,-0.5327027919795545,1.0907497344345,1.0,-1.141929270903919
348,-0.34624944764730997,-0.7946363210714987,1.0,1.1217496956705288
349,0.19796728994496746,1.0819352184772653,1.0,0.31327697382595304
350,-1.4449401990733717,-1.2105429941233516,1.0,-0.6762261595624551
351,-0.7886692545093662,1.0946383747120914,1.0,-1.6827604946389914
352,0.2348215259487319,2.1321534105704436,1.0,-0.6518943569726273
353,0.9364457258311158,-0.03509517686967038,1.0,2.8961377540861846
354,1.265077838088766,0.21149701273187801,1.0,3.3006061465593497
355,-0.7049213525074449,0.6799748442451024,1.0,-1.0815136892065882
356,-0.6963266538610828,-0.29039710080386677,1.0,-0.10747317216777699
357,1.327782695957983,-0.10128148621739935,1.0,3.7646229509467877
358,-0.8031413873416283,-0.46433769143549164,1.0,-0.1378643367543032
359,1.021790585588673,-0.5525406734167292,1.0,3.5798218180838384
360,-0.38687084685064654,-0.5102927396336285,1.0,0.7093542522891093
361,0.18392549434030994,-0.3854897603756083,1.0,1.742374731585301
362,-1.601836048972537,-0.8871809418450403,1.0,-1.3163262412302248
363,-0.9327890415064383,1.2433193844551549,1.0,-2.1211152308149788
364,0.8126740421090424,0.587259379399826,1.0,2.031561090324772
365,-0.5053583172644099,-0.8157915419939713,1.0,0.7904855001591782
366,-0.507517601657357,-1.051880102551674,1.0,1.0385436788349292
367,2.497200391587007,-2.245321648371402,1.0,8.24063069081578
368,0.5640085350738091,-1.2845522979925272,1.0,3.407755441899669
369,-0.10434349149469264,-0.9880019424937344,1.0,1.7932856125174865
370,-1.1776289624826308,-1.1401963009349616,1.0,-0.20008447375710442
371,1.7549861537420586,-0.13298842230959199,1.0,4.648613401819073
372,-0.7657021944780863,0.555786964082873,1.0,-1.1051890648537133
373,0.010349314566299353,0.7200337593416528,1.0,0.28961796831888975
374,-1.82425665593783,0.3036039044620014,1.0,-2.948045913026829
375,0.7726948371023817,-1.6615982911145637,1.0,4.200702389516882
376,0.44819528442331247,1.6961815728281606,1.0,0.1953380817013461
377,-0.014857703354702717,0.8214059370248112,1.0,0.15786833021166394
378,0.6705704503109099,-0.7075056975105769,1.0,3.0537553463513207
379,0.03976673458649517,-1.5669947108616025,1.0,2.659669724372732
380,-0.4513030371025261,0.2656879749662359,1.0,-0.17258614213775286
381,0.7231004937377982,0.024612125247911617,1.0,2.4353411164321535
382,0.7199837301431654,-1.1029062129553697,1.0,3.537332360770856
383,-0.1016972745548716,0.019279384513077216,1.0,0.7923209812785672
384,1.8495912466796365,-0.21416665620008424,1.0,4.914407495995525
385,-0.4990166379941829,0.02135122384354861,1.0,-0.02798959730301045
386,-0.9191134448699437,0.19275384906521617,1.0,-1.047292933881639
387,-0.36505521654625767,-1.7913275480411837,1.0,2.0582023918000516
388,-0.05858655113386085,-0.31754309393019925,1.0,1.197807664682523
389,-1.6324233020679833,-0.06713415461452177,1.0,-2.18913583042022
390,1.4893559620744803,0.5213037482757137,1.0,3.4563022708451645
391,0.6119271927311578,-1.3414967255830426,1.0,3.561026791259574
392,0.4768983689222224,0.14844958138007808,1.0,1.8161175311938422
393,0.5290452383344316,0.42262862170882565,1.0,1.6332135893473363
394,-1.3597807255038137,-0.04140081155796743,1.0,-1.683923057611929
395,-0.757870860425166,-0.05008409428482209,1.0,-0.45991153739258417
396,-0.8974009269018305,1.3124703671409963,1.0,-2.11217050313313
397,-0.8589723884443423,-0.898942156465536,1.0,0.1875854009937665
398,0.07458640654355353,-1.0770990694039948,1.0,2.2203027113732703
399,-0.4246633024328657,-0.8299645975379619,1.0,0.9784084008425267
400,1.4111720638896117,0.7858038268311726,1.0,3.0380620707039334
401,-0.057469518465394644,-0.39121705217401626,1.0,1.272536752040584
402,0.9409176145751134,0.40520408032288807,1.0,2.4764966341337646
403,0.4980524046828567,-0.026192237344250482,1.0,2.0304517664023645
404,-1.6882300277714322,-0.11246598255955272,1.0,-2.2598880550701113
405,-0.5324899192090677,0.6450552734598769,1.0,-0.7052254133776662
406,1.011842432994189,-0.6579510447611686,1.0,3.675281606363354
407,0.46838523427705164,1.7358789976857132,1.0,0.20941976855113378
408,-0.667712720570559,1.6819217400731377,1.0,-2.010651557809165
409,-0.852585847170647,0.022959755607951444,1.0,-0.7180872580266292
410,-0.011145611841841251,0.011498899870062375,1.0,0.9589462181243941
411,-0.8376780419079453,-0.5911831037644297,1.0,-0.08589756601827536
412,-0.6677202863593994,0.3269625954044574,1.0,-0.656067829098652
413,0.33003511451031164,2.225944331738259,1.0,-0.5719622538918068
414,1.3709890062911214,-0.5098432421384791,1.0,4.2495600300230825
415,0.32486961579618606,0.9971179807917595,1.0,0.6718793081752079
416,0.030601824338517807,-0.06964157844693558,1.0,1.1503628372466495
417,0.05157494276988904,0.8672766288084278,1.0,0.24827266222962388
418,-0.8483205228052325,-0.32566946882017417,1.0,-0.3615857254277931
419,0.47043314484648185,0.3114470715541555,1.0,1.619226706643757
420,0.23958275985639133,-0.3698011663038032,1.0,1.8540923083308471
421,0.9725357891425369,2.1338682472045374,1.0,0.8076121651298775
422,0.4064154936762062,-0.1931767015498399,1.0,1.9954219699261988
423,0.7557402888945426,-0.53913263675299,1.0,3.045523156156162
424,-0.7496903447028966,0.0328087476137118,1.0,-0.5310327862790416
425,-2.5827966329699446,-1.1539503636520094,1.0,-3.0171164580308667
426,-0.34796185592084583,-1.3533888581477134,1.0,1.6519571520489533
427,-1.0326431018921296,-0.4367483374580074,1.0,-0.620617451342022
428,-1.6429652935306092,-0.4060717962598319,1.0,-1.8784177259501542
429,-0.5352701645328445,0.025405208385016018,1.0,-0.09361095665408181
430,1.1541840304940192,0.1725044164928659,1.0,3.1369823684641354
431,0.021062021342063624,0.09945445703071175,1.0,0.935912554219699
432,0.22739277512112846,-1.016738648609769,1.0,2.457818479672419
433,-0.11477532477079817,0.3087512418366131,1.0,0.4648037557259953
434,-1.3707599825430605,0.8656529228158533,1.0,-2.612243254223229
435,1.0813760344581897,-0.6313759884493888,1.0,3.7740202346799094
436,-0.24133779145310455,-0.8781903428100731,1.0,1.3915890873242125
437,0.6993804835878171,-1.0612222874459092,1.0,3.4490610752081374
438,-0.2224770102429203,-0.8589199078076716,1.0,1.4209523896649086
439,0.050954277011289496,-1.794229271489721,1.0,2.901354077784703
440,1.3264616423656934,-0.964606424206264,1.0,4.622498640386036
441,0.05989468311627605,-0.2125230447703092,1.0,1.3256619948212742
442,-0.7621145119224981,-0.8877801366359354,1.0,0.37086662860956066
443,0.9363985435524596,-0.5256405931019397,1.0,3.4016341780381993
444,0.2711701846373109,-0.8014968853943748,1.0,2.3397387092845987
445,-0.6471814318477607,0.47224715008784873,1.0,-0.7711433881047551
446,0.9304084961111163,-0.17531640232701995,1.0,3.0450604760779894
447,-1.4219198716404369,1.9979560797500047,1.0,-3.846531863600515
448,-0.8565493082342095,-1.5415873996717875,1.0,0.8315253479386313
449,2.594424587768152,-0.40403229385093714,1.0,6.603221039255369
450,-1.4617326882614081,-0.6834397667886818,1.0,-1.2209321834785634
451,0.36754489602226903,0.1903115575939397,1.0,1.5614169656949757
452,-0.85172919725359,1.8227236001279594,1.0,-2.517173766993049
453,-0.5215796779933731,-1.184686590411552,1.0,1.1264681209090919
454,0.9606933984606597,1.3290628465396823,1.0,1.5854334660874574
455,-0.8174930976162265,-1.4013472930393105,1.0,0.7608802259321322
456,1.0304382674156047,-2.0473236130579617,1.0,5.1247316462148245
457,-1.2266216593966155,0.967446150050235,1.0,-2.427682648253187
458,-0.05535254802238957,-0.26393734859268786,1.0,1.1570939163188925
459,0.35281660649437835,-0.15277442354540868,1.0,1.8594163071667387
460,-1.2986867221630902,1.2760753460061875,1.0,-2.882800062426744
461,1.3250140528868153,0.2053325637779597,1.0,3.4485137820918648
462,0.045134015432010274,2.339624806020058,1.0,-1.2453738142940622
463,-0.2764328450158372,-0.25957698183403943,1.0,0.69415354298495
464,0.36448124924050557,1.4713219561423383,1.0,0.26986931680920695
465,1.5927707544174836,-0.25857263167677125,1.0,4.423249040223186
466,0.30833124595934525,-1.3780834670640771,1.0,2.988838387453668
467,-0.31197610791621294,-0.8402903954793065,1.0,1.2260578825855364
468,-1.0068317522989838,1.6815767162673276,1.0,-2.7071727992000354
469,-0.7922866618061449,-0.5316059080114549,1.0,-0.04946475640521454
470,0.3658487879168582,1.2978252669735855,1.0,0.42090870497737665
471,0.4811151263888354,2.759355114021582,1.0,-0.7980551026883537
472,-0.07466797825114957,0.25871644022974605,1.0,0.5688098721362328
473,0.27560067398405635,1.4350493867891545,1.0,0.10772624416182813
474,0.5072389511096153,-0.1162297003871491,1.0,2.1152783881348367
475,-0.9474885949068795,0.24444345596163258,1.0,-1.1434382831966567
476,1.4013448312919596,-0.4103817936578706,1.0,4.208919142283574
477,0.5289436184165822,0.24614778868484416,1.0,1.8050028064352288
478,0.8635196583813146,-0.8047537406378693,1.0,3.539772189366166
479,2.3466470305265617,-1.2791611070282582,1.0,6.963586372042667
480,-0.3655510899860373,0.9380925409056455,1.0,-0.6628508541458298
481,0.29673317249411335,0.8299861590811032,1.0,0.7797729436067121
482,-0.49610233398256237,-0.07480498268034107,1.0,0.08399095621826316
483,0.012231983638817386,1.5692596145359043,1.0,-0.5533723493040236
484,0.690429024383049,0.7966721083646714,1.0,1.5716925552528112
485,-0.6579260925367952,0.9688826385630508,1.0,-1.2918326746378364
486,0.22558166356880352,1.3891453156779274,1.0,0.06906443866717847
487,2.014060154918468,-0.30676577602700456,1.0,5.33644199321363
488,-0.40630313044506255,-0.8640449911023695,1.0,1.0608066823747844
489,-0.14357951171632055,-0.3820254489503836,1.0,1.1025697343110146
490,0.35950439957101016,-0.14456681693373594,1.0,1.8649837225945385
491,-0.3615992807816198,1.0645851361278518,1.0,-0.7830488150744266
492,-0.9378802311514517,0.43310795315134365,1.0,-1.2903159533600421
493,-0.4059417271884834,0.7243685048699644,1.0,-0.5220953969851845
494,1.3852615467222305,-0.3030982534240727,1.0,4.07059388669949
495,0.44103290727315136,0.17879286573317985,1.0,1.7131697432324817
496,-0.7994223995430966,0.24078750974193844,1.0,-0.8337738007699523
497,0.28912050527881217,0.4128708204461747,1.0,1.176734070886847
498,-0.19839889682004574,0.09419230031014657,1.0,0.515726071770121
499,-1.1476109448431353,-0.35811407547985674,1.0,-0.9468494885568439
500,0.555962679709798,0.8924738873315303,1.0,1.2032546264343387
501,-0.4223148241252707,0.10471402943328433,1.0,0.05638259248822509
502,0.2280533251240672,0.20147994670443287,1.0,1.2736528855273999
503,0.5407735853003902,-1.8180776303835695,1.0,3.8918681599049503
504,-0.04932407014757259,0.2390336012467649,1.0,0.6604373610775934
505,-1.0003303489537054,1.67398570701071,1.0,-2.685003882180073
506,0.16155926723816796,1.5634047450289295,1.0,-0.22850791550553698
507,-0.7905230218330772,-0.907300121525327,1.0,0.3032024093087374
508,0.2242522209656819,-1.6786883628286566,1.0,3.1045562017496624
509,0.21496559062609352,0.09721923200291803,1.0,1.3364621484474706
510,1.0156652815421012,0.7010413411650971,1.0,2.329465785451192
511,-0.417477349885034,-1.0974966547702447,1.0,1.2577457248494388
512,1.7123052213432965,-0.79211502056515,1.0,5.213714515386509
513,-1.0455245570694658,-1.0848560594614451,1.0,-0.000823175532922815
514,1.1173053155366646,-0.5189002044248521,1.0,3.7493727956076848
515,-0.7537044661806008,0.13768982590334733,1.0,-0.65606800798188
516,-0.20694471055729102,-0.6780954607862469,1.0,1.2549324103909352
517,0.7539914669784796,1.0653154920979948,1.0,1.4515508304789329
518,0.9853175089398669,0.766919669661199,1.0,2.1984679286689124
519,0.4026255311300352,-1.775887999961829,1.0,3.567286286384227
520,1.6692508063769687,0.30198921035755294,1.0,4.037534185665825
521,0.6081564276006415,1.1149623229474022,1.0,1.1064004794716809
522,1.4333525028819918,0.4183980113091925,1.0,3.4615966019303235
523,0.4355461592956536,-0.5992242774597194,1.0,2.4724956299222436
524,0.0330897511387602,-0.8541612608143545,1.0,1.9137436506197782
525,-0.7199405321418947,-0.8935744023141913,1.0,0.4584334167031722
526,-0.15602389099728736,1.0490931879200103,1.0,-0.3538692212143805
527,3.1709747732901796,0.18949963754791346,1.0,7.152060855965807
528,-1.34841308775612,1.264983329856256,1.0,-2.9622554992957517
529,-0.3007838764760271,-0.660608593976992,1.0,1.0616421700743253
530,0.2098494779230553,-1.2406245995562275,1.0,2.6596249904197764
531,0.22246316400860677,-0.08837552319915497,1.0,1.5358029902851997
532,0.09837790681547566,0.38141625420917086,1.0,0.8051204261775112
533,0.0674922572408068,0.016338084112892493,1.0,1.107142052670536
534,0.2843145189979445,0.41540062617112683,1.0,1.1448672980297545
535,-1.0314824603152577,-1.4299912586854484,1.0,0.37344844748822725
536,-0.061638052172214755,-1.432735489934108,1.0,2.312047361263085
537,0.08753147092167086,0.9387468756823101,1.0,0.24671845580352722
538,0.6071116719160459,-1.0481704068254731,1.0,3.260526841436419
539,-0.8602624519575188,0.3283012950007554,1.0,-1.0602626128742116
540,-0.40129780513351004,-0.31665529505210693,1.0,0.5255052201379324
541,0.5969064812479539,-0.9872866934576524,1.0,3.180911985398161
542,-0.40123470991118243,-0.8000824760846013,1.0,1.0104476066249017
543,-1.0431294980353556,-0.8570781886711647,1.0,-0.22320134248562468
544,0.6774621693464117,0.05182038948242156,1.0,2.3249901359986302
545,-0.8791606288350748,-0.23110160759299653,1.0,-0.5294173799342867
546,-1.6388073071221778,-0.7333128075836657,1.0,-1.5352945676097984
547,2.149574534867287,-0.0902438496657506,1.0,5.398306560463853
548,0.7316589270303925,-0.06548837514448298,1.0,2.5232549657503234
549,0.34816923524180865,0.663258089679174,1.0,1.0313555576333737
550,-1.1046165975264708,-0.030936257273958937,1.0,-1.1929143212011497
551,1.5788651944164882,-0.795500550053291,1.0,4.937742977516241
552,-0.5664398537322193,-0.30769127736700175,1.0,0.17607725791787093
553,0.26902407317624666,0.5249178636458827,1.0,1.021060353413585
554,1.2674116548186567,0.49949823346865946,1.0,3.0417053165036085
555,-0.06205312579833403,1.2591671296108138,1.0,-0.37987313522488525
556,0.7041110221415822,-1.4956795162570162,1.0,3.9125317320716917
557,2.5263682403559984,1.7699213881967337,1.0,4.27691811455827
558,-0.1682142227670741,0.37791010173847506,1.0,0.28293612524249917
559,1.3243587499958391,-0.17220079269688263,1.0,3.8282935078226994
560,0.7303517903770194,1.1045784735714765,1.0,1.3604562944770515
561,-1.014825907734441,-0.6023318535828621,1.0,-0.4294218500239876
562,0.9214083978105813,0.4608144771488305,1.0,2.3952102623336113
563,0.9237965603139469,-0.13256801465371804,1.0,2.9672411227711404
564,-0.289005210954233,-1.9986394755833727,1.0,2.4154422668020206
565,-1.1460004265074433,0.04706609465849369,1.0,-1.3419009254179426
566,0.8245572195642364,0.5311783665356953,1.0,2.126101421390515
567,-0.12824197402770202,-0.27177156649069667,1.0,1.015311470414445
568,0.21717963263828013,0.07821118109215218,1.0,1.3435331667165018
569,1.404545514939712,0.14644077047824985,1.0,3.667790301199335
570,-1.4812459621972984,-1.272558135032317,1.0,-0.679058326207611
571,1.5187593369635801,-1.1711604614500803,1.0,5.21607218070857
572,0.7644974530335336,-0.2683727352093812,1.0,2.803559190492503
573,-0.16975829390248548,-0.1341327827684201,1.0,0.7758730599960385
574,1.2213849594591983,-0.19284182854396467,1.0,3.626612882694926
575,-0.03331928284515295,-1.5308034973994926,1.0,2.4689857377959084
576,0.2066905117080033,0.5310425069780597,1.0,0.881789634590403
577,0.23914558065378702,1.3978962610867354,1.0,0.08562047624082673
578,0.05517135478023174,0.2989774561190176,1.0,0.7987018266718164
579,1.648504010268179,-1.5500141893581478,1.0,5.846407262251657
580,-0.45582534779936884,1.4261587520192662,1.0,-1.351707257806966
581,0.9361291483110824,0.6783800988404703,1.0,2.1743414121555005
582,0.8326507394644783,0.3270662091210221,1.0,2.341193060693003
583,1.6315974275322715,0.3777591697307179,1.0,3.893861573298395
584,0.23986710589527857,0.15895867412564327,1.0,1.3232317019439315
585,0.19286395555038602,-1.1570172808158679,1.0,2.5424152271139935
586,0.7706730544633433,-0.13043973378332732,1.0,2.6561656992917215
587,1.821915097860406,-0.07565047058842289,1.0,4.7295417369802095
588,0.4209182841756566,0.24660218626133443,1.0,1.5947939331162193
589,-0.6255570351092533,0.9921368285185058,1.0,-1.2236552786849548
590,1.9050636405600176,-0.014777219659844777,1.0,4.8343276438626495
591,-0.3004787855854223,-0.3550287310553741,1.0,0.7340199056180081
592,-1.8923618933173414,-0.17781314370301254,1.0,-2.5993601461291114
593,0.25099811600832395,1.0547579251802828,1.0,0.4332729544606335
594,0.9600477411499279,-0.4164990824366925,1.0,3.328999609832257
595,-0.27682299477388833,1.123905305614439,1.0,-0.6800588619298172
596,-0.17346389707287913,-0.5100295397556169,1.0,1.1621611211062326
597,1.3925184494342724,1.037585667050634,1.0,2.751426883974085
598,0.018791791774257802,-0.5937774477786675,1.0,1.621132480919141
599,-2.011880319244709,0.5897036055747239,1.0,-3.624971164106708
600,-0.8963697225521802,-1.962732009140752,1.0,1.1759986160537226
601,1.584820527349018,0.6479677910098883,1.0,3.5215407610088074
602,-1.1390081931169653,-1.214401382959259,1.0,-0.06187127278765637
603,0.8709617821716196,-0.8779706165358702,1.0,3.5979573473621627
604,1.2961498675278833,0.6164593126261553,1.0,2.974069048596458
605,0.5365965205668235,0.4046954556143003,1.0,1.6595902936887317
606,0.19145087202391178,0.8805111991771105,1.0,0.4931842811405444
607,-0.45408036251560513,0.08595197343438468,1.0,0.015106649576650862
608,0.7519465876771957,0.5629897185861278,1.0,1.9299467444785385
609,-1.1949868052686603,-0.500409667304264,1.0,-0.900492909296317
610,0.25280350541915453,-0.4080147090398969,1.0,1.9103116138441885
611,1.7746585609733332,-0.39315319475411287,1.0,4.946973205007253
612,-0.16221844757669085,0.7694301781773039,1.0,-0.10270722062816631
613,0.33053274323491577,-0.14527445720476923,1.0,1.8186813840324014
614,-0.7564935288807483,0.3015140573967662,1.0,-0.8000026399046507
615,1.0390964403783927,0.4790952240982286,1.0,2.590283185993872
616,-0.7781835214561222,1.7367749569767108,1.0,-2.2955928174447235
617,-1.4465778900358943,-1.582685641802789,1.0,-0.31825689299557575
618,0.9605572244572284,0.2258404786026901,1.0,2.678420149263054
619,-0.5494985463040403,-1.0985707275553296,1.0,1.0026037454518106
620,2.320799839280298,0.11709087215544195,1.0,5.531844755087448
621,0.5342011708457715,0.3178850972381816,1.0,1.770635887084627
622,0.43480795773115793,0.5400944605248059,1.0,1.3205473599011968
623,0.7324240097548762,-0.3752224007606727,1.0,2.8534327711785514
624,-0.2916419863518446,-1.7410228083589014,1.0,2.171162372567792
625,-0.7803044065015394,0.2711127964467149,1.0,-0.8297430763541221
626,1.0450233755026905,0.5990395263761841,1.0,2.4970288595249572
627,-0.34069234387793046,-1.2631729120851543,1.0,1.5905209548123003
628,-2.7773591454274333,1.151733974780799,1.0,-5.686711266153247
629,-0.5892289865101498,-0.44846500620405927,1.0,0.27478511880992446
630,0.13157396790806872,-1.4055600473918899,1.0,2.6681066043529906
631,-0.3497821801115369,2.023471949769974,1.0,-1.7316979979831224
632,0.5053869385773427,0.3592491565134564,1.0,1.6545779281913542
633,-1.5824944779817585,2.2436018945826404,1.0,-4.398349201218426
634,-1.4227949086263427,1.9223247554443985,1.0,-3.765468469083789
635,-2.1150560151878075,1.4053654387244203,1.0,-4.6432767015892855
636,1.6180542690002255,-0.8244091213278346,1.0,5.061408421353251
637,0.42258037227288275,0.547480572104665,1.0,1.2963886376164993
638,-0.8137944832313059,-1.4491176107369304,1.0,0.8241760318518757
639,-1.3177173431407654,0.5410082199598076,1.0,-2.193061389913521
640,-0.08511560251940574,-0.5643010333021604,1.0,1.3995777144043764
641,0.9667680111664602,0.5080679093914777,1.0,2.4314223445090795
642,-0.7554627263656334,-1.2012015190173893,1.0,0.6947246006679876
643,0.5232617386880769,-0.5375833685580619,1.0,2.5840692177627655
644,0.09920486253150243,1.5762989726277177,1.0,-0.39594861019074706
645,0.5023282400747796,-0.8622669997532367,1.0,2.8667302519830833
646,0.16066118981977281,-0.9526449528153877,1.0,2.284574482448355
647,1.6085221559487237,-0.5615787496032209,1.0,4.770021772737744
648,0.20727074697361864,0.307732574679432,1.0,1.0869162246061923
649,0.15925046837370244,-1.9585489551365387,1.0,3.2616443121652363
650,-1.4464210639833286,-0.4523502755690917,1.0,-1.4373515954793596
651,0.31943183333153063,-0.13777921428577067,1.0,1.7803716410373562
652,-0.9571474731510168,-1.348424319121701,1.0,0.44299230476588203
653,-0.4015575444993436,-0.46847604467972315,1.0,0.6648083657237394
654,0.5128364575927566,-0.3263184621583181,1.0,2.336988093584046
655,0.6027076564293296,-0.5946497697204054,1.0,2.791880041173128
656,-0.2559576692142683,-0.3480463796426194,1.0,0.8443194349400762
657,-0.7823669669020897,0.6251186564337302,1.0,-1.188447631163515
658,-0.813595997094507,-0.521641509970619,1.0,-0.0990521878715954
659,-0.07311964594819724,-1.2973796559567399,1.0,2.1554882521149556
660,-0.3249349583204991,-0.7113063597427886,1.0,1.0593868375844875
661,-0.3881541924822496,-0.05992800267109062,1.0,0.28187954933151116
662,-0.7999136231406647,-0.2200757798203556,1.0,-0.3611804437634152
663,1.3086687523521792,-0.02579855825448711,1.0,3.6472828056249376
664,1.1452621730192247,0.3464944420067607,1.0,2.942744028528525
665,0.7741606098188164,-0.7744589687708259,1.0,3.3273343883178264
666,0.10490716508551272,0.1339129226154759,1.0,1.0781304657517923
667,-0.6126257388749357,-0.8228283242942818,1.0,0.5760032828094659
668,-1.4902653879072982,1.496139636951632,1.0,-3.4701695676225057
669,-0.9724028893524976,1.3462210732223001,1.0,-2.2728174591863985
670,-0.4674931736578535,-0.8624932997247339,1.0,0.9197041537251263
671,0.6225191403049977,-0.6311919417468571,1.0,2.890770579845244
672,0.5684589189242769,-0.3328117648522096,1.0,2.467160905727444
673,0.48042449611778676,-0.9681860639071049,1.0,2.9319697701191765
674,0.8313510579847683,0.4879726826630046,1.0,2.1854330334762637
675,-0.9196506900626618,2.6429357210147417,1.0,-3.489437115452973
676,0.540123026400494,2.2904670705305388,1.0,-0.197796078601366
677,1.6002678187487591,-0.1888347802177838,1.0,4.377228244901708
678,-0.4122717546045429,-0.4034591834208012,1.0,0.5701641267225762
679,-1.8300285504278102,-0.6958351193495473,1.0,-1.9701571846795483
680,0.24676602397997058,1.5259575608848084,1.0,-0.02580545926034815
681,-0.7727718829782021,0.8820565993630106,1.0,-1.4310091094251094
682,-1.252593341503319,-0.5863200252111324,1.0,-0.9340664023913643
683,-0.45764059428952597,0.3718110814974935,1.0,-0.28925759879504376
684,0.45730964672081126,0.9623417448143452,1.0,0.9444353348019334
685,0.7708369604049367,0.24316821540249173,1.0,2.3058186416157858
686,0.3903649435086224,1.5885306910975325,1.0,0.1887668453751612
687,-0.5109261812322631,0.7747283190671621,1.0,-0.7958729407726818
688,-1.8081439264982515,0.4113342428976086,1.0,-3.0316768204655182
689,-0.4832495424791074,0.002571182431510025,1.0,0.035269122292578094
690,1.0400862450537032,0.16464380952639762,1.0,2.913692772946303
691,0.8851875412089273,1.4737648151384048,1.0,1.2998622544263203
692,0.38909396886572056,1.1710410646204883,1.0,0.5812129874635358
693,-0.3265609776792077,-0.008209882269614045,1.0,0.35606043568097645
694,-0.522619416398478,1.042977594646376,1.0,-1.0840772907422296
695,0.4140913537935951,-0.5072344618949226,1.0,2.333424368932967
696,0.1546688336463322,1.0415683888185818,1.0,0.27446320318800804
697,-0.039267991037953184,-0.9489328108497634,1.0,1.8777828990637853
698,0.1319117557874122,-1.9805655910689397,1.0,3.257431241562259
699,0.768770644399475,-0.4213275873246805,1.0,2.959916992204353
700,-0.46931073627910674,0.8756956787795067,1.0,-0.8334551583844199
701,-1.3651628772251687,1.9470986428203578,1.0,-3.7002793917585914
702,-0.4802420417382233,-0.5232509433848951,1.0,0.5467484503877033
703,1.021224743167163,0.7086952731104266,1.0,2.3333751426120584
704,2.451229719075076,-0.21120598363152,1.0,6.112092368898867
705,-0.12040663866440973,-1.4793159799632536,1.0,2.241265101154634
706,-0.33210227734882514,-0.7214312955717558,1.0,1.050974281648534
707,-0.44876701310549916,-1.7441877565539552,1.0,1.8392888186278995
708,1.660607559894514,-1.4166034824256406,1.0,5.743369081638773
709,-2.802202798391713,-1.1884244215830193,1.0,-3.4094219310866816
710,-0.603839552796151,-1.1495540632571182,1.0,0.9393084563100114
711,1.0983035407325124,-0.13783917859609385,1.0,3.334061493478729
712,0.025385604406458987,0.6103917643054128,1.0,0.44442258794079514
713,0.28601252697811796,0.978567297446043,1.0,0.5985011922618229
714,-1.1094775536361452,-0.5475181006794317,1.0,-0.6828768135888462
715,0.6659671460695378,-2.53455446208423,1.0,4.859293015664126
716,-1.3751844793172407,0.5009922321799466,1.0,-2.263666651270882
717,-0.48024903499492544,0.9361075501096976,1.0,-0.9016746862479168
718,0.8091802968531627,-1.1980928801910382,1.0,3.824576809790782
719,0.4066570874668812,1.2016978556675064,1.0,0.6170790379356936
720,0.1474344016509719,-0.9774648772458692,1.0,2.261352700944187
721,0.87938994191337,0.6354245265539955,1.0,2.1284780245410047
722,0.5426107834987963,0.7159388934369917,1.0,1.3701411046140255
723,-2.994612860227619,0.8809375610809715,1.0,-5.875102548607068
724,1.8081318105789754,0.436638474629293,1.0,4.165560549977621
725,0.19272899649972683,0.6964386733914393,1.0,0.6872710858918366
726,0.3382254736851153,0.651781261700616,1.0,1.0314691257307742
727,0.0014710002454108063,-0.7667048545369003,1.0,1.7480158785437605
728,-1.0043227122146134,-0.9981917282318641,1.0,-0.014414928174877412
729,-1.3730425509508952,-1.0677420110191065,1.0,-0.6558002538946344
730,1.761266127419863,0.7540956636562427,1.0,3.7751629583691644
731,-0.6250273906846713,-0.3903926939855081,1.0,0.14293623756620022
732,0.11255753090645429,-0.6555450294843581,1.0,1.8732882396015575
733,0.06751685717432486,0.777604137902912,1.0,0.350646278066998
734,-0.035742733548173485,0.33601574266199213,1.0,0.5916659062846613
735,0.8864915393596159,-0.2721317560182082,1.0,3.0611434710312113
736,0.28479059913436316,-0.30937759288336136,1.0,1.883614683061037
737,-0.0285288698344164,-0.32473026508296,1.0,1.258950941436419
738,-0.5288698535561153,0.17371185298702344,1.0,-0.2196836904754153
739,0.5665453158182124,0.14630444600104425,1.0,1.9838602435637998
740,0.498726958311932,-0.7379317802412299,1.0,2.752359161675233
741,-1.2037351921997794,0.41704350296760356,1.0,-1.8301799176135396
742,0.6878813911747546,0.04985726659982265,1.0,2.315872858180647
743,1.3480357804247187,0.9076987979878987,1.0,2.7901190586396742
744,2.6805708407690005,-0.20080851399566557,1.0,6.57177346537167
745,-0.9988487960953681,-0.7401367907395136,1.0,-0.24718635348391363
746,-0.5654978063746563,0.4760313834381145,1.0,-0.605435078520739
747,-2.158068563961257,1.3185510180908366,1.0,-4.644569112893037
748,-0.23929659114234414,-0.24679355778875178,1.0,0.7631469682850847
749,-1.0793431660249952,-0.11422555145018021,1.0,-1.0646435992833527
750,0.013239767667533552,-0.12194492760027727,1.0,1.1392932475596562
751,0.3390592559424304,-0.5896320419510298,1.0,2.265965985686918
752,-0.8958157604108271,0.5483281304979799,1.0,-1.3360696299130994
753,0.09866745381579567,0.1971810551973674,1.0,0.9967593092195761
754,1.0590272544419663,-1.0225643912606857,1.0,4.140049109594841
755,-0.8552404572508642,1.2572196508289941,1.0,-1.9716624197782207
756,-1.4828833575740425,-1.3094121463310142,1.0,-0.6488443157751732
757,0.8178618311849958,0.23820019202203863,1.0,2.3885323409636876
758,0.10523213705927585,-0.09165940810038319,1.0,1.310499161360398
759,0.03126754702756948,-0.09211211469195592,1.0,1.174256016872234
760,1.3554427025944182,-0.3981481287500751,1.0,4.11376143049913
761,-0.16137353627777917,1.7944488052250736,1.0,-1.1224667938828723
762,0.0275097020298358,2.2320163895251777,1.0,-1.182359686906374
763,-0.10497970101895356,1.3674149824601585,1.0,-0.5652760122762247
764,-1.6553440383096778,0.15364446081566638,1.0,-2.475598431693742
765,-1.5844735631509355,0.8444543066045863,1.0,-3.022939477109183
766,-1.2128678162090247,0.2837695543833455,1.0,-1.7211496713400996
767,-0.2821958766904351,-1.1582031851840289,1.0,1.5810262933979518
768,-1.6193599828975425,-0.5110404635801098,1.0,-1.7381276654087736
769,1.7406294458953309,-0.2934850548893775,1.0,4.782642996097894
770,0.917221542115856,-0.05704286766218815,1.0,2.90250877753978
771,0.8767267736904524,-1.8269113783045177,1.0,4.573394194961821
772,-0.40318830684953333,0.9494055237932187,1.0,-0.7537087970318286
773,-0.16325494883317873,-0.08645528271104713,1.0,0.767536951795772
774,-0.43046191188579297,1.149379383367124,1.0,-1.0092975651077385
775,0.2975143539549459,0.04402227617534797,1.0,1.5414570041583713
776,0.6430545453392927,0.5882249291179367,1.0,1.683180144209268
777,0.2125870464375366,1.5470314969908445,1.0,-0.1117531285845163
778,-0.06028753363911904,0.278081047967944,1.0,0.6063056788767017
779,-0.6429525533528905,0.1501152270061292,1.0,-0.4302507747779236
780,1.5877615237453675,-0.6432576017887388,1.0,4.807704180270464
781,-1.1335928256384589,0.9967596428198156,1.0,-2.261595522167843
782,-0.14876615223367926,0.09600420496977001,1.0,0.6127534864374397
783,-0.045113303693334814,0.07912172392953508,1.0,0.8337920071202667
784,0.8505306835234382,-0.8391241905992737,1.0,3.532735325478073
785,-1.0117740841054885,0.08496813703770767,1.0,-1.0983937001480315
786,-1.6064396894498327,-1.3730535360419285,1.0,-0.8551021623395247
787,1.866683148331627,0.7574683300614039,1.0,3.9851853858499195
788,-0.010056471869014538,1.2380069359584398,1.0,-0.24730932025559804
789,-1.040599230085145,-0.3156031233858582,1.0,-0.7498720336090795
790,0.6234536094243824,0.8906716814313947,1.0,1.3528106155148656
791,0.5129168468277764,-2.5412388076882246,1.0,4.557078201178163
792,-0.968082117664578,0.47706809235686526,1.0,-1.4052935240629374
793,-0.35595149304680634,2.5402316207591715,1.0,-2.259126759643654
794,0.9265583009670965,0.5580818806186658,1.0,2.295474676429967
795,-1.1169495537467236,-0.03529673960291556,1.0,-1.2017769900621322
796,0.24120396421895252,1.1277836301278024,1.0,0.3456035785959718
797,0.8811310970996323,1.0329891945199456,1.0,1.732482994341168
798,-0.923912015810002,1.4121516982986309,1.0,-2.273895889084215
799,-1.3804307523072692,-0.5359145616661618,1.0,-1.219024886131936
800,0.43077113494564145,-0.14989159173313932,1.0,2.001764550739855
801,-1.0060368579203915,-0.8215498256031326,1.0,-0.20784120370232975
802,-1.5482543228490424,0.5319746390071913,1.0,-2.628984359293179
803,1.2605688450421493,-0.10039350340136602,1.0,3.625847532013777
804,-0.4003488150134234,-1.4723229284664896,1.0,1.677394644410175
805,0.9132019242521776,2.211304333239493,1.0,0.6232830525731338
806,-1.7974558043668976,-1.0634329381546068,1.0,-1.5550150745760927
807,-0.6795930425441441,-0.564317909682489,1.0,0.19508038028463404
808,0.227345950143481,1.6142495472802274,1.0,-0.15849112404823504
809,1.0085972868601036,0.5275973827743159,1.0,2.504787223745253
810,-0.7239287040586021,-1.1196282336804544,1.0,0.6796082704999975
811,-0.7967753063063009,1.5480668013787386,1.0,-2.122604013472859
812,-0.06174330145790107,-0.4468362536626212,1.0,1.318100256517679
813,-0.18375573024999226,0.8246182196384677,1.0,-0.18938551018563213
814,-1.3128496745497917,1.4148741359224224,1.0,-3.051573193097699
815,0.15647625694629896,-0.2163439782957261,1.0,1.525252969992084
816,0.442846113746739,0.21839707312993703,1.0,1.6599421971807111
817,-0.34419645646738123,-0.2527106720416067,1.0,0.557977872513677
818,-0.8688625468659522,0.6563907508593024,1.0,-1.3980503358030636
819,-0.5319938094111618,-0.9562584224322828,1.0,0.892297979008866
820,0.16586352265353732,1.3291412827455533,1.0,0.0028078892066861617
821,-0.048344623779819615,-0.6081012569516899,1.0,1.516846543787878
822,0.4038960208359738,1.936712462402552,1.0,-0.1275205360567359
823,-1.4519055294317473,0.3822027877852936,1.0,-2.2894543029372842
824,0.2050866252318538,1.1615338035591172,1.0,0.24341366148927104
825,0.9909091736848452,-0.18670911180977923,1.0,3.1654561419778826
826,-1.6845172554248828,0.8065637678962596,1.0,-3.180088650160495
827,-0.8351926901914831,-0.9467404109571895,1.0,0.2812647411260431
828,1.1483505806911263,-0.9108503776386525,1.0,4.216206790927617
829,1.4028447401002433,0.335844721405313,1.0,3.4825852041746446
830,0.3191184000862824,0.30726478050559103,1.0,1.3229949920675697
831,-1.6384236257417921,-1.7763886163465759,1.0,-0.4957649128836209
832,0.2155530537886848,0.5680073592264201,1.0,0.8491519519350228
833,0.08261103215620101,-0.8215345170195275,1.0,1.9904883285144552
834,0.018922103882194737,-0.08203415314548415,1.0,1.1307050837307844
835,-0.9571580982754103,1.0139721541121614,1.0,-1.929784245679652
836,-1.7302760615500858,0.5887424068075064,1.0,-3.0385681694350897
837,0.3843234052112453,1.0097118548117143,1.0,0.7475492769076215
838,-1.0053118723488588,0.101407146668211,1.0,-1.1209173441968447
839,2.171164949318166,0.6620742889997063,1.0,4.678897511210189
840,0.10058120872896319,0.5391612741141966,1.0,0.6722232468895881
841,0.08617684238012002,2.19089801323984,1.0,-1.02271862304302
842,0.9836361957891795,-0.08561495423049709,1.0,3.0483518147997684
843,0.25233143138452124,-0.39079799608101357,1.0,1.8855445752662758
844,1.209850126410305,-1.4061047713910109,1.0,4.827833834656047
845,-1.604738529860987,1.4587147496759936,1.0,-3.655724857989023
846,2.1531197925705827,0.4683049076895917,1.0,4.844941478542511
847,0.11273794123573726,0.6572676903047773,1.0,0.5751746987100599
848,-0.6470535263827593,0.1712435451522125,1.0,-0.4674203426669677
849,0.03890870585621503,0.6265642507453606,1.0,0.44562006737443033
850,-1.5579985281833963,-0.5070347697653375,1.0,-1.6021898274372917
851,0.8449956030008372,-0.675593827630063,1.0,3.365265922875396
852,-0.9933613754231354,2.042072149826954,1.0,-3.030530983030418
853,0.03811800017940036,-0.5789181399432078,1.0,1.664136546526045
854,-1.6923704374741084,0.7293463462804262,1.0,-3.11606509574537
855,0.6991361537186938,-0.29875960056993595,1.0,2.6886541454134716
856,-1.1022301909070906,-0.024549423642379036,1.0,-1.1708190732184927
857,-0.8358560674816213,-0.9420935888731159,1.0,0.2711886528142119
858,-0.10321275146170758,-1.0513903986600646,1.0,1.8345946022981625
859,0.24664895525244618,0.6079925094063973,1.0,0.8741763421497789
860,-0.8396324471731914,-1.3682450953383907,1.0,0.6899343197502765
861,1.561279598955807,-0.9402702359572048,1.0,5.086203530483601
862,-0.6599427051023377,0.21301716742988736,1.0,-0.5368307836700247
863,0.599369372522297,-0.2563168936896428,1.0,2.451692900143381
864,0.46079432770125556,-0.400986157896401,1.0,2.3378125252750825
865,-0.9711706648243907,1.4263168607870274,1.0,-2.369231002433714
866,2.488441614331128,1.6959695330141693,1.0,4.266429027015607
867,0.14180663915345446,1.8334353618156785,1.0,-0.5655500480342512
868,0.35570351572398445,-0.47728627040322935,1.0,2.200959941589073
869,0.46637957438197886,-0.09439250641118496,1.0,2.0338152005976444
870,-0.9831181837457077,-0.898321971432016,1.0,-0.0596531389750876
871,0.8020517387405159,-1.846531981664673,1.0,4.450057893561918
872,0.6041367404426842,-1.6295836027484383,1.0,3.8305899633739786
873,-2.121176444902436,-1.8388466037584985,1.0,-1.4056779172036151
874,1.9667639719347398,-0.196233964943542,1.0,5.131122220986765
875,0.08658318016541909,1.4192550459109512,1.0,-0.2544717971371
876,0.9341797484997248,-1.3915052694042196,1.0,4.265479265499181
877,0.8690063428187611,0.1841812647035463,1.0,2.5412354592459785
878,-0.3416780975958806,0.024290914137780388,1.0,0.2890253030247062
879,1.279812020628022,-0.8859664820409529,1.0,4.443550444572231
880,0.40088567910412115,-0.009657236532908346,1.0,1.8045183966093972
881,-1.7971646153956184,-0.8022531717308108,1.0,-1.8141311126106243
882,0.19321355323369646,1.2973420890928906,1.0,0.09356371401561489
883,1.0013310173467296,0.597212504403425,1.0,2.3978920226856313
884,-0.8152756611364586,1.801213990808535,1.0,-2.418508233488208
885,0.21524046763961147,-1.0063655216785503,1.0,2.4334266341809325
886,-0.182904980856951,0.8962484253561593,1.0,-0.2674719829543737
887,0.007617498318158107,0.886864686582761,1.0,0.12928552952134403
888,1.1036939574621503,0.40053068459870617,1.0,2.8173916278118987
889,-0.857702623046894,0.13545466318998053,1.0,-0.8564939859149502
890,0.045165855938831004,1.8593463338516283,1.0,-0.7588672450256684
891,-1.62632193782683,-0.13482245109435406,1.0,-2.1034183881491297
892,-0.5840935467949193,0.3351056201959989,1.0,-0.49338948567927815
893,-2.437564359199356,1.11492455949028,1.0,-4.97378896297907
894,0.013748487335533657,-1.8447011636280461,1.0,2.8851245985092384
895,-0.3611131347398661,0.6089623416545242,1.0,-0.3160397881953265
896,-1.5914478754580315,0.003222216443155699,1.0,-2.1700747041650623
897,-1.05747364780153,-0.5559850318789673,1.0,-0.5568815684277933
898,0.02673838267463693,0.1834502535815763,1.0,0.8657342727719756
899,-0.47074249818272723,0.27279638953026414,1.0,-0.2369038222481567
900,0.8179776072548057,-0.2789142751032398,1.0,2.901642158417633
901,1.4315677574492909,1.4622141707804195,1.0,2.396438516126574
902,-0.42870206558582885,-0.6378405564735843,1.0,0.7766190744295209
903,-1.6641729851661735,-0.12656933163938985,1.0,-2.2033045833269784
904,-0.3634377801160514,0.7790512201329916,1.0,-0.515934385267582
905,-1.5096616060682988,-0.27739139174310984,1.0,-1.757889596507901
906,0.9687443931111454,-0.7303570955579599,1.0,3.666543650115583
907,-0.7623615367276093,-1.4469403347558085,1.0,0.920323082012472
908,2.6205738460182393,-0.7474731780653794,1.0,6.980545329686359
909,-1.3003468322183391,-0.80385040403152,1.0,-0.8042647820216622
910,-0.7742950804868045,-0.2693897784512403,1.0,-0.2886019484410928
911,0.8253722320875148,-0.2983231689958337,1.0,2.9451023957807
912,-0.9228233149968279,-1.4513384981910251,1.0,0.5971288399274168
913,0.02185735821987137,0.04253907402979072,1.0,1.0137743957251222
914,1.5309323510288246,0.09244773546980858,1.0,3.971826933908292
915,-0.09900831128407737,-1.0506538365874896,1.0,1.8429140348390696
916,-0.3059525750983919,-0.43847445803460605,1.0,0.8237648300231477
917,-0.37016416451370254,-0.9592553926405882,1.0,1.207124207549671
918,0.5383296032761768,-0.14244541750936937,1.0,2.229226307013471
919,-0.2003534800049874,-1.7140461160489964,1.0,2.32718102328483
920,0.4936440875248639,0.48701532598037944,1.0,1.5127928688968788
921,-0.8391294028422137,0.9901213838791937,1.0,-1.6798271158760472
922,-1.3647582300824324,-0.021869908789079875,1.0,-1.7085592215730467
923,-0.2712073398901639,-1.3171747888057943,1.0,1.7707444022703374
924,0.18970261207999575,1.7025701522417913,1.0,-0.31754479702265803
925,0.06763423006691976,-0.46302175410905094,1.0,1.5882111162100516
926,0.44702415688567826,0.10571999546715494,1.0,1.7815694013641914
927,0.027762131625501486,-0.42554221277144805,1.0,1.476934305738933
928,1.4219755592924648,0.4563633634807854,1.0,3.3891206397954683
929,-0.5286706589354886,-0.10800383678095793,1.0,0.05760380599135961
930,-0.7408667042040726,-0.608291150081495,1.0,0.12327046474598369
931,-0.640725724190199,-1.1343115937222275,1.0,0.8594997960970916
932,0.7772769637679554,-0.29104146327302577,1.0,2.853816154376908
933,0.5541275783267697,-0.6701258977272965,1.0,2.7762489020121177
934,-0.06036249439233865,-0.7110405967911112,1.0,1.577859026677778
935,0.7196681705373317,-0.24841930670503823,1.0,2.67604374442536
936,-0.7308735859513859,-1.6417032288097841,1.0,1.1858733266585282
937,0.2756665493407744,-0.7083850523381071,1.0,2.2549559066565092
938,-0.015779217120995174,-0.4917301080135276,1.0,1.4430453805447128
939,0.9541895808987649,0.544144752358008,1.0,2.370363933121352
940,0.4472120874548315,-0.6161211233234792,1.0,2.5118408434386046
941,0.4662900435501895,1.714831608676043,1.0,0.2036888076129098
942,-0.832186034150062,0.17233913922918878,1.0,-0.8249170077172864
943,-1.649216974417132,1.3985620921255355,1.0,-3.688629681088222
944,-0.3979120985908414,0.7825788808419775,1.0,-0.5770156255107584
945,-1.723228250716323,1.7975393871259047,1.0,-4.256739082235895
946,-0.35687152802559846,0.5456573234700275,1.0,-0.27342368485007734
947,0.1508182063325938,-0.2554707861877694,1.0,1.5540365139845427
948,1.6857923026593036,-1.6480462063661798,1.0,6.002491657789284
949,0.29871365999200894,0.9106456722299703,1.0,0.6908324504858925
950,-0.029856121636366265,-0.1181707843665918,1.0,1.0443503079600558
951,-0.14268771207346503,-1.227636420410408,1.0,1.943910123556025
952,0.03812738409493465,0.5127175234723987,1.0,0.5606559301902033
953,0.06859922748066052,-0.2722761011450806,1.0,1.4165924087873722
954,-0.48972502237302673,-0.27929666927837216,1.0,0.2904671485797038
955,1.2577442174960383,-2.0866349794205425,1.0,5.604860708907866
956,0.040071456547775455,-0.32775491729641676,1.0,1.3939494284636214
957,1.4558079518368434,0.05549222544380277,1.0,3.864079173747578
958,1.484925598699954,-2.123890018045559,1.0,6.092591597782692
959,0.4595849048340562,0.28005786003768013,1.0,1.6440704563200865
960,1.390533967073938,-1.6413486088230291,1.0,5.409211289502625
961,-0.1550358081183258,0.06606026178649259,1.0,0.6288589647335735
962,-0.4957954945452093,1.2165777137429403,1.0,-1.205106668870322
963,-0.3386821854453976,2.0347625440211536,1.0,-1.7084899359848154
964,1.0541779089389227,0.9508336970037996,1.0,2.160648460504186
965,0.5592989813908843,-1.063695591025548,1.0,3.180358914979413
966,-0.4310963375107571,0.5727513668572158,1.0,-0.42253104967557015
967,0.6775570335877171,1.3071838450812574,1.0,1.04637124223652
968,-0.46744100962590635,-0.8601533849246632,1.0,0.9178796736689422
969,0.8591041927855306,-0.8096265760401127,1.0,3.527247699677485
970,0.8733118360704122,1.1997361764150378,1.0,1.5373823162713411
971,0.45615303582705535,-0.3575790319685979,1.0,2.2652451393894
972,0.04108222614387957,0.5934659196032391,1.0,0.48692606652262604
973,0.010185518712073464,2.1982963386704926,1.0,-1.1817208424528043
974,-0.9906709306271492,-1.002668587369791,1.0,0.023320696843547435
975,-0.9768953867353252,-0.5895799225452156,1.0,-0.3447532370123714
976,-2.1789315201949093,-0.6296504269401813,1.0,-2.7225031150511763
977,-0.653284701927889,0.07851402517417629,1.0,-0.37436042255707336
978,0.41780058320608143,-1.2402163364077703,1.0,3.0707804084462507
979,0.9000542427640723,1.8022422297905472,1.0,0.991996092852546
980,-0.20828510309499634,1.5743712374755716,1.0,-0.9947232241344942
981,0.19898949440518773,1.9887319185953911,1.0,-0.5822240388123269
982,1.1172834656881903,-1.5639046348397663,1.0,4.776990381433838
983,0.018627370661355457,1.0543249749040777,1.0,-0.02740188133428051
984,0.030546581040616888,-0.036883530845066945,1.0,1.0990000513946427
985,1.269764750314304,-0.709854182146104,1.0,4.247142759104082
986,0.017515613278218337,0.3236257646091187,1.0,0.7310827587687485
987,-0.33379096035356415,-0.020129103877537476,1.0,0.3570240153278358
988,0.7750232632241703,0.43283762149999394,1.0,2.110586990513042
989,-0.8087175319795337,-1.1041239857992617,1.0,0.4709128511548009
990,-0.7891021802566502,0.0012484557884866053,1.0,-0.5828584166511658
991,-0.15993978775704282,-0.8319574932171248,1.0,1.4990457168762548
992,-0.5981504525164858,-1.5200392851920637,1.0,1.3284058866632764
993,0.41785370321732596,-0.04001872535163292,1.0,1.8773371950087017
994,-1.2597873434052702,0.02862050418778282,1.0,-1.5449948716773958
995,1.3426220105103532,-0.7399358529652597,1.0,4.445971640633917
996,1.3151376657209723,-0.3234574724834238,1.0,3.9446581441111657
997,0.19782816784986781,0.09775080242218528,1.0,1.295981491199591
998,1.4015234160052454,0.1584338467855317,1.0,3.63248782778007
999,-1.1419014192038466,-1.3109703704412123,1.0,0.026361546872017926
